n,AbsErr,RelErr,R
3,0.001305418104478484,0.47474099141323256,0.005038873750455415
5,0.000014145369900853133,0.00514424222216584,0.001122493595557009
10,0.0000000005374450329220792,0.00000019545246605988885,0.00007085792813358453
25,0.000000000000000943689570931383,0.0000000000003431912894062953,0.00000014869480735508046
50,0.000000000000001887379141862766,0.0000000000006863825788125906,0.000000000025179611188898515
