n,AbsErr,RelErr,R
3,0.010376738908670524,1.5393506526424527,0.0030583429239851765
5,0.00037648368673959265,0.055849955751279455,0.00041351310491957505
10,0.00000005434823779904008,0.000008062359095882685,0.000007491617796333381
25,0.000000000000003885780586188048,0.0000000000005764411087163326,0.0000000003716449514258645
50,0.000000000000009769962616701378,0.0000000000014493376447724934,0.00000000000000012254348896348687
