n,AbsErr,RelErr,R
3,0.0008556735318400802,16.531976225012098,0.008052511308577556
5,0.000017211251666548327,0.33252869554372844,0.002866682559123373
10,0.000000001182351155350203,0.000022843526721962783,0.0005842232649047794
25,0.0000000000000001717376241217039,0.000000000003318043872193413,0.00004125439257307218
50,0.00000000000000003903127820947816,0.0000000000007541008800439575,0.000002450172953595031
